{
    "EAR_left": {
        "mean": 0.26024809969458823,
        "std": 0.042059903593503055
    },
    "EAR_right": {
        "mean": 0.23581479542811765,
        "std": 0.03521689388135347
    },
    "EAR_avg": {
        "mean": 0.24803144738847063,
        "std": 0.035689802753976235
    },
    "MAR": {
        "mean": 0.2769588004129412,
        "std": 0.06839404753099818
    },
    "pitch": {
        "mean": 154.6605252429412,
        "std": 64.9506902553789
    },
    "yaw": {
        "mean": 4.874963774276749,
        "std": 8.901277535187258
    },
    "roll": {
        "mean": -0.8420234862500365,
        "std": 12.141259489546204
    }
}