{
    "EAR_left": {
        "mean": 0.25842634261504954,
        "std": 0.03999739837746663
    },
    "EAR_right": {
        "mean": 0.24208916810465347,
        "std": 0.03758772365588714
    },
    "EAR_avg": {
        "mean": 0.25025775545445544,
        "std": 0.03467174728369886
    },
    "MAR": {
        "mean": 0.28396633198613863,
        "std": 0.06756642490278927
    },
    "pitch": {
        "mean": 152.12538234234654,
        "std": 72.88554477239833
    },
    "yaw": {
        "mean": 1.0925390088757918,
        "std": 13.151977139052807
    },
    "roll": {
        "mean": 1.7020922896990323,
        "std": 28.771434302060214
    }
}