{
    "EAR_left": {
        "mean": 0.21027523193056855,
        "std": 0.11449264177261192
    },
    "EAR_right": {
        "mean": 0.24614353036684228,
        "std": 0.12291658517743463
    },
    "EAR_avg": {
        "mean": 0.2282093811463699,
        "std": 0.1094597276229676
    },
    "MAR": {
        "mean": 0.46316145839597334,
        "std": 0.1913237635521228
    },
    "pitch": {
        "mean": 4.737324366939747,
        "std": 169.45818339151924
    },
    "yaw": {
        "mean": -8.777994003227999,
        "std": 23.14731104888987
    },
    "roll": {
        "mean": 1.522579256616837,
        "std": 60.60507702699456
    }
}