{
    "EAR_left": {
        "mean": 0.21660156624696825,
        "std": 0.11580329453474818
    },
    "EAR_right": {
        "mean": 0.25592400284023975,
        "std": 0.12672383027527145
    },
    "EAR_avg": {
        "mean": 0.23626278456757951,
        "std": 0.1160449983227758
    },
    "MAR": {
        "mean": 0.49362290136109016,
        "std": 0.2248636228695801
    },
    "pitch": {
        "mean": -5.93509617795394,
        "std": 170.0300486866775
    },
    "yaw": {
        "mean": -12.684485929936418,
        "std": 21.958147805696626
    },
    "roll": {
        "mean": -1.3294634186182421,
        "std": 54.71996043434652
    }
}