{
    "EAR_left": {
        "mean": 0.210231469414636,
        "std": 0.11442410032911168
    },
    "EAR_right": {
        "mean": 0.24615441673596425,
        "std": 0.12293979436937766
    },
    "EAR_avg": {
        "mean": 0.22819294306074348,
        "std": 0.10943197721398941
    },
    "MAR": {
        "mean": 0.4631227352782076,
        "std": 0.19133249568463123
    },
    "pitch": {
        "mean": 4.714995548318152,
        "std": 169.4600410240621
    },
    "yaw": {
        "mean": -8.815655193111724,
        "std": 23.131043349083555
    },
    "roll": {
        "mean": 1.5695801115948256,
        "std": 60.541489696712254
    }
}