{
    "EAR_left": {
        "mean": 0.23199447419912503,
        "std": 0.06369095031205567
    },
    "EAR_right": {
        "mean": 0.22374293718181248,
        "std": 0.0590700558023737
    },
    "EAR_avg": {
        "mean": 0.22786870546937502,
        "std": 0.05971037148109948
    },
    "MAR": {
        "mean": 0.26813796097549997,
        "std": 0.0675468801747155
    },
    "pitch": {
        "mean": 91.21710270893,
        "std": 142.65593101218488
    },
    "yaw": {
        "mean": 7.1728264369234624,
        "std": 8.349893118240548
    },
    "roll": {
        "mean": -1.2611532535691048,
        "std": 22.704630117593528
    }
}