{
    "EAR_left": {
        "mean": 0.22899835523164996,
        "std": 0.05866842949479539
    },
    "EAR_right": {
        "mean": 0.22804078847455003,
        "std": 0.058099140732285524
    },
    "EAR_avg": {
        "mean": 0.22851957180195004,
        "std": 0.0559494857944784
    },
    "MAR": {
        "mean": 0.280035406253,
        "std": 0.07730847137958578
    },
    "pitch": {
        "mean": 104.703559147355,
        "std": 133.37348415308685
    },
    "yaw": {
        "mean": 2.894083046526728,
        "std": 12.989620452548673
    },
    "roll": {
        "mean": 0.214642793979589,
        "std": 30.61469076604221
    }
}