Model,Accuracy,Precision,Recall,F1
Existing: Rule-Based (base-paper style),0.6982456140350877,0.6960822782279856,0.7072732714756061,0.6758687492798057
Proposed: LSTM (temporal),0.9883040935672515,0.9884361437175363,0.9886695383227272,0.9884550448795646
