Model,Accuracy,Precision,Recall,F1
Existing: Rule-Based (base-paper style),0.6484333510355815,0.6456679705984117,0.6513125615607186,0.6185648788427919
Proposed: LSTM (temporal),0.9888475836431226,0.9890196708110272,0.9889158711246142,0.9889628915246679
