,precision,recall,f1-score,support
Alert,0.9935129740518962,0.9989964877069744,0.9962471853890418,1993.0
Drowsy,0.9889558232931727,0.9884596086302058,0.9887076537013801,1993.0
Highly Drowsy,0.9941245593419507,0.9883177570093458,0.9912126537785588,1712.0
accuracy,0.9921024921024921,0.9921024921024921,0.9921024921024921,0.9921024921024921
macro avg,0.99219778556234,0.9919246177821753,0.9920558309563269,5698.0
weighted avg,0.9921027656549916,0.9921024921024921,0.9920974127020189,5698.0
