,precision,recall,f1-score,support
Alert,0.9948356807511737,0.9844367015098723,0.9896088733216579,4305.0
Drowsy,0.9812803327940837,0.98928238583411,0.9852651119619446,4292.0
Highly Drowsy,0.9934426229508196,0.9959544879898862,0.9946969696969697,3955.0
accuracy,0.9897227533460803,0.9897227533460803,0.9897227533460803,0.9897227533460803
macro avg,0.9898528788320257,0.9898911917779561,0.989856984993524,12552.0
weighted avg,0.9897616609111298,0.9897227533460803,0.989726782611689,12552.0
