{
  "best_val_acc": 0.9850166481687015,
  "test_acc": 0.9866814650388457,
  "num_windows": 12012
}