{
  "best_val_acc": 0.9871345029239766,
  "test_acc": 0.9812865497076023,
  "num_windows": 5698
}