{
  "best_val_acc": 0.9814126394052045,
  "test_acc": 0.9840679766330324,
  "num_windows": 12552
}